depolarizing_noise,phase_noise,attack_intensity,qber,entropy,key_rate,channel_loss,ai_attack_likelihood,path_coordinate,lagrangian_base,var_k_raw,neg_slope_raw,var_k_norm,neg_slope_norm,curvature_norm,precritical_gate,critical_instability_potential,lagrangian_predictive,delta_coord,action_base_increment,action_predictive_increment,action_base,action_predictive,normalized_action,action_velocity,action_acceleration,collapse,trajectory_name,dL_dq,dL_dk,d2L_path,stationarity_residual
0.0,0.06,0.3,0.03288,0.20863539462043473,0.5827292107591305,0.1122994652406417,0.165,0.0,0.020186439013454377,0.0007519577860553751,0.0,0.35319273284181757,0.0,0.08786973599283678,0.0,0.0,0.020186439013454377,1e-06,2.0186439013454374e-08,2.0186439013454374e-08,2.0186439013454374e-08,2.0186439013454374e-08,2.0186439013454374e-08,0.040896086651303176,1.6933475867278216,0,physical_noise_dominant,5.830418816961937,-0.6072723852727551,-5.409397182151905,6.437691202234692
0.006,0.06,0.3,0.036432,0.22568676081136327,0.5486264783772734,0.13315508021390374,0.18,0.006,0.040896086651303176,0.0013690011736593284,5.683788730309521,0.6430165027279693,1.0,0.13454112330549567,0.0,0.0,0.040896086651303176,0.006,0.00024537651990781906,0.00024537651990781906,0.0002453967063468325,0.0002453967063468325,0.00024393310770062874,0.051056172171670106,2.525184056140601,0,physical_noise_dominant,5.775593845521209,-0.6109768437544464,-7.882284507340671,6.386570689275656
0.012,0.06,0.3,0.039984,0.2422188248728052,0.5155623502543896,0.15401069518716576,0.195,0.012,0.061216257692037035,0.0021290296094289974,5.51068802048064,1.0,0.9695448374240585,0.17318014323197772,0.0,0.0,0.061216257692037035,0.006,0.00036729754615222223,0.00036729754615222223,0.0006126942524990548,0.0006126942524990548,0.0006054291032599355,0.07119829532499039,3.328508583966177,0,physical_noise_dominant,5.670642779650973,-0.6181619615448709,-9.929576180798108,6.288804741195844
0.018000000000000002,0.06,0.3,0.043536000000000005,0.2582760945678109,0.48344781086437816,0.1748663101604278,0.21000000000000002,0.018000000000000002,0.08118033295794372,0.0020108860774871616,5.352423231668567,0.9445082720228012,0.9416998916807189,0.15838768222074515,0.0,0.0,0.08118033295794372,0.006000000000000002,0.0004870819977476625,0.0004870819977476625,0.0010997762502467172,0.0010997762502467172,0.001080330304761019,0.09099827517926423,3.2736338055180383,0,physical_noise_dominant,5.574318652667195,-0.6251549650269412,-9.145796408022761,6.199473617694136
0.024,0.06,0.3,0.047088,0.2738957764984624,0.45220844700307516,0.19572192513368986,0.225,0.024,0.10081621740058477,0.001904750519821639,5.2065606435505005,0.8946566601920066,0.9160369764952484,0.14585954066600532,0.0,0.0,0.10081621740058477,0.005999999999999998,0.0006048973044035084,0.0006048973044035084,0.0017046735546502258,0.0017046735546502258,0.0016647202682131112,0.11048190099120685,3.2227418547820577,0,physical_noise_dominant,5.485255014623499,-0.6319903347792617,-8.481991789331175,6.117245349402761
0.03,0.06,0.3,0.05063999999999999,0.28910943541391815,0.4217811291721637,0.21657754010695185,0.24,0.03,0.12014758458182898,0.0018086544088236893,5.071219638485244,0.8495205519047562,0.8922252179153538,0.13511208368306313,0.0,0.0,0.12014758458182898,0.005999999999999998,0.0007208855074909736,0.0007208855074909736,0.002425559062141199,0.002425559062141199,0.0023549117108166984,0.1296711774366489,3.1752666334404296,0,physical_noise_dominant,5.402386386667233,-0.6386959057201047,-7.912536890270985,6.041082292387338
0.036000000000000004,0.06,0.3,0.054192,0.303944185700568,0.39211162859886395,0.23743315508021393,0.255,0.036000000000000004,0.13919477029146882,0.001721064700712872,4.9449167622166215,0.8083798802471606,0.8700036185101724,0.12579064162629452,0.0,0.0,0.13919477029146882,0.006000000000000005,0.0008351686217488136,0.0008351686217488136,0.003260727683890013,0.003260727683890013,0.0031474205442953793,0.148585100592492,3.130754796378797,0,physical_noise_dominant,5.324865753334205,-0.6452945814387574,-7.4186395102714755,5.970160334772962
0.042,0.06,0.3,0.057744000000000004,0.3184235691770934,0.3631528616458132,0.2582887700534759,0.27,0.042,0.15797543089351523,0.001640765422141803,4.826461158841797,0.7706635055121914,0.849162660305103,0.11762910694041584,0.0,0.0,0.15797543089351523,0.005999999999999998,0.0009478525853610912,0.0009478525853610912,0.004208580269251104,0.004208580269251104,0.004038944596210272,0.16724023499319451,3.0888375968680464,0,physical_noise_dominant,5.2520085587563266,-0.6518055263145031,-6.986199918459221,5.903814085070829
0.048,0.06,0.3,0.061295999999999996,0.3325682161167015,0.334863567766597,0.27914438502673794,0.28500000000000003,0.048,0.17650503909287374,0.0015667767903066198,4.7148823132027005,0.7359112261133968,0.8295315918517512,0.110423856903619,0.0,0.0,0.17650503909287374,0.005999999999999998,0.0010590302345572422,0.0010590302345572422,0.005267610503808346,0.005267610503808346,0.005026345900580483,0.18565115175490854,3.0492110219797954,0,physical_noise_dominant,5.183253592824901,-0.6582450170492553,-6.604429148041646,5.841498609874156
0.054,0.06,0.3,0.064848,0.34639635255592444,0.30720729488815113,0.3,0.30000000000000004,0.054,0.1947972644169433,0.0014982984604826493,4.6093788130743105,0.7037471220912191,0.8109694134995229,0.10401639560336672,0.0,0.0,0.1947972644169433,0.005999999999999998,0.0011687835865016596,0.0011687835865016596,0.006436394090310006,0.006436394090310006,0.006106635759307406,0.20383076725695204,3.0116214463000652,0,physical_noise_dominant,5.1181349949446755,-0.6646270651842454,-6.264929279955794,5.7827620601289205
0.06,0.06,0.3,0.06839999999999999,0.3599241961364111,0.28015160772717784,0.32085561497326204,0.31499999999999995,0.06,0.21286427009696068,0.0014346687664115267,4.509281193495549,0.6738604104225224,0.7933583402650485,0.09828148763418387,0.0,0.0,0.21286427009696068,0.005999999999999998,0.0012771856205817638,0.0012771856205817638,0.00771357971089177,0.00771357971089177,0.00727696199140733,0.2217906091105093,2.97585505806488,0,physical_noise_dominant,5.056261783096062,-0.6709638815124723,-5.961064705862242,5.727225664608534
0.066,0.06,0.3,0.071952,0.3731662695130039,0.2536674609739922,0.34171122994652403,0.33000000000000007,0.066,0.23071694812405774,0.0013753348465440156,4.414024458864274,0.6459914133899145,0.776598967397562,0.09311885488099496,0.0,0.0,0.23071694812405774,0.006000000000000005,0.0013843016887443477,0.0013843016887443477,0.009097881399636118,0.009097881399636118,0.008534597935868778,0.23954102795373056,22.696093867791603,0,physical_noise_dominant,4.997302602258262,-0.6772662288068023,3286.7064682877995,5.674568831065065
0.07200000000000001,0.06,0.3,0.075504,0.386135651732595,0.22772869653480998,0.3625668449197861,0.3450000000000001,0.07200000000000001,0.24836510778340348,0.0013198303538255996,4.323127406530362,0.6199210889225614,0.7606066325929285,0.08844724592645076,0.0,0.0,0.24836510778340348,0.006000000000000005,0.0014901906467004221,0.0014901906467004221,0.01058807204633654,0.01058807204633654,0.009876932879045279,0.4941437355240088,41.81820587591926,0,physical_noise_dominant,71.67869019433515,-10.104793805952394,3187.0186680212682,81.78348400028754
0.078,0.06,0.3,0.079056,0.39884418221123125,0.2023116355775375,0.38342245989304813,0.36000000000000004,0.078,0.26581762863703307,0.0012677585577318608,4.236176826212085,0.5954630936635361,0.7453086360550555,0.08420012205765462,1.0,0.47410473462758157,0.7399223632646146,0.0059999999999999915,0.0015949057718221962,0.004439534179587681,0.012182977818158736,0.01502760622592422,0.013940265515699646,0.7413594984647617,20.866450356848226,0,physical_noise_dominant,69.59903235944611,-9.63198980582387,-3491.959253178516,79.23102216526999
0.084,0.06,0.3,0.082608,0.41130262798275924,0.17739474403448152,0.4042780748663102,0.375,0.084,0.2830825859603315,0.0012187793508800545,4.152815257175994,0.572457680007057,0.7306420865065906,0.08032246750026006,1.0,0.45971404770457713,0.7427966336649086,0.006000000000000005,0.0016984955157619904,0.004456779801989455,0.013881473333920726,0.019484386027913674,0.01797452585600892,0.7445411398061867,0.5786329422652514,0,physical_noise_dominant,0.8957323596355167,-0.12920033977648515,-3381.3029024304888,1.0249326994120018
0.09,0.06,0.3,0.08615999999999999,0.4235208221318008,0.15295835573639838,0.4251336898395721,0.39,0.09,0.300167354566765,0.0011725991294604104,4.072731383013863,0.5507669429618218,0.7165522112557613,0.07676839593466872,1.0,0.44611829138070036,0.7462856459474654,0.0059999999999999915,0.0018010041274005876,0.004477713875684786,0.015682477461321315,0.02396209990359846,0.021983577893209594,0.7483030937719448,0.6700057828917991,0,physical_noise_dominant,1.0591086615308143,-0.15566339764132664,15.228806771084194,1.214772059172141
0.096,0.06,0.3,0.089712,0.4355077793621064,0.12898444127578723,0.4459893048128342,0.405,0.096,0.3170786954841466,0.0011289628201518573,3.995652410101854,0.5302710752128259,0.7029910152702427,0.07349933041343015,1.0,0.4332418461122769,0.7503205415964235,0.006000000000000005,0.001902472172904881,0.004501923249578545,0.017584949634226195,0.028464023153177004,0.025970824044869528,0.7525812092008881,0.7514053494234147,0,physical_noise_dominant,1.2044243887791168,-0.18034781968563607,13.566594421956644,1.384772208464753
0.10200000000000001,0.06,0.3,0.09326400000000001,0.4472717932346385,0.10545641353072299,0.4668449197860963,0.42000000000000015,0.10200000000000001,0.3338228288831982,0.0010876475317632642,3.921337957510703,0.5108653853127809,0.6899162061741798,0.07048260242085358,1.0,0.42101904792215405,0.7548418768053522,0.006000000000000005,0.002002936973299191,0.004529051260832117,0.019587886607525386,0.03299307441400912,0.029939268978229693,0.7573199579650258,0.8241499483543819,0,physical_noise_dominant,1.3341071971110665,-0.20347557321251486,12.124099821814823,1.5375827703235814
0.108,0.06,0.3,0.096816,0.4588205185715819,0.0823589628568362,0.4877005347593583,0.43500000000000005,0.108,0.35040549588055814,0.001048457451675355,3.849575112314472,0.4924579005533651,0.6772903242842448,0.06769036153038205,1.0,0.4093925432441423,0.7597980391247005,0.0059999999999999915,0.002102432975283346,0.004558788234748196,0.02169031958280873,0.03755186264875732,0.033891572787687105,0.7624710085811408,3.482915719958335,0,physical_noise_dominant,1.450183168951014,-0.22523451525445992,443.12762860066573,1.675417684205474
0.114,0.06,0.3,0.10036800000000001,0.47016104175148943,0.059677916497021144,0.5085561497326203,0.4500000000000002,0.114,0.36683201126014114,0.0010112197066398034,3.780174393302505,0.474967422792683,0.6650800324692309,0.0650987181184617,1.0,0.39831196677743913,0.7651439780375803,0.006000000000000005,0.002200992067560849,0.004590863868225486,0.02389131165036958,0.0421427265169828,0.037830095616681145,0.7991149466045258,15.557536085589348,0,physical_noise_dominant,10.316423993070487,-1.6553503381463095,2012.4367276051669,11.971774331216796
0.12,0.06,0.3,0.10392000000000001,0.4812999410411547,0.0374001179176906,0.5294117647058824,0.4650000000000002,0.12,0.3831073087220425,0.000876551806424645,3.712966429888429,0.4117142394556621,0.6532555318406834,0.21980392617548797,1.0,0.4499786064494307,0.8330859151714732,0.0059999999999999915,0.002298643852332252,0.004998515491028832,0.026189955502701832,0.04714124200801163,0.04209039465001038,0.9491614416082128,-4.957058130464382,0,physical_noise_dominant,42.24281953932602,-6.8617829499924845,-3419.099036008964,49.10460248931851
0.126,0.06,0.3,0.10747200000000001,0.49224333866910785,0.01551332266178429,0.5502673796791443,0.4800000000000001,0.126,0.3992359799376598,0.0005331045960051626,3.647799209317715,0.25039792478421213,0.6417900774294029,0.7716493824079947,1.0,0.6660009881072925,1.0652369680449523,0.006000000000000005,0.0023954158796259607,0.006391421808269719,0.028585371382327793,0.05353266381628135,0.047542330209841346,0.7396302490389521,-44.11064563422018,0,physical_noise_dominant,-58.98963754765149,20.16835426436655,-6525.597917292611,79.15799181201804
0.132,0.06,0.3,0.11102400000000003,0.5029969460070614,0.0,0.5711229946524065,0.4950000000000001,0.132,0.4140235300329528,0.00021589311229485353,2.585553776964046,0.10140446677618342,0.4548996980088746,1.0,0.0,0.0,0.4140235300329528,0.006000000000000005,0.0024841411801977188,0.0024841411801977188,0.031069512562525513,0.05601680499647907,0.04948481006756101,0.4198336939975702,-25.683969201103615,1,physical_noise_dominant,-90.03281391930747,11621.074374123767,3071.112738852748,11711.107188043075
0.138,0.06,0.3,0.11457600000000001,0.5135661029630085,0.0,0.5919786096256685,0.5100000000000001,0.138,0.42564385796218673,3.8506108801380794e-05,0.0,0.01808622511910864,0.0,0.4253658083781012,0.0,0.0,0.42564385796218673,0.006000000000000005,0.0025538631477731227,0.0025538631477731227,0.033623375710298636,0.05857066814425219,0.05146807394046766,0.4314226186257084,1.9263220427253245,1,physical_noise_dominant,3.2626476993631925,0.0,4601.715207304839,3.2626476993631925
0.14400000000000002,0.06,0.3,0.11812800000000002,0.5239558124841223,0.0,0.6128342245989306,0.5250000000000001,0.14400000000000002,0.4372013792892289,0.0,0.0,0.0,0.0,0.017854783529300283,0.0,0.0,0.4372013792892289,0.006000000000000005,0.0026232082757353756,0.0026232082757353756,0.03624658398603401,0.06119387641998757,0.053491150716772344,0.44294955851027407,1.9161241479898479,1,physical_noise_dominant,3.245197039573817,0.0,-1.6996491225776822,3.245197039573817
0.15,0.06,0.3,0.12168000000000001,0.5341707709053728,0.0,0.6336898395721925,0.5400000000000001,0.15,0.44869773773131905,0.0,0.0,0.0,0.0,0.017043306622340108,0.0,0.0,0.44869773773131905,0.005999999999999978,0.002692186426387904,0.002692186426387904,0.038938770412421914,0.06388606284637548,0.05555309812728303,0.4544161084015865,1.9061842302815108,1,physical_noise_dominant,3.2281953522838975,0.0,-1.6566529514019237,3.2281953522838975
0.156,0.06,0.3,0.125232,0.5442153947507508,0.0,0.6545454545454545,0.5550000000000002,0.156,0.4601344790718537,0.0,0.0,0.0,0.0,0.016278933309918545,0.0,0.0,0.4601344790718537,0.006000000000000005,0.0027608068744311245,0.0027608068744311245,0.041699577286853036,0.0666468697208066,0.057653001488587034,0.4658237692736522,1.8964873148729424,1,physical_noise_dominant,3.2116162365048666,0.0,-1.6161525680870454,3.2116162365048666
0.162,0.06,0.3,0.128784,0.5540938444905894,0.0,0.6754010695187166,0.5700000000000002,0.162,0.47151305947544964,0.0,0.0,0.0,0.0,0.015557769642973259,0.0,0.0,0.47151305947544964,0.006000000000000005,0.0028290783568527002,0.0028290783568527002,0.044528655643705735,0.0694759480776593,0.05978997252810612,0.47717395618006186,1.8870196649643702,1,physical_noise_dominant,3.195435502930806,0.0,-1.5779416514192235,3.195435502930806
0.168,0.06,0.3,0.132336,0.563810045675081,0.0,0.6962566844919786,0.5850000000000001,0.168,0.4828348528846741,0.0,0.0,0.0,0.0,0.014876340993852594,0.0,0.0,0.4828348528846741,0.006000000000000005,0.0028970091173080473,0.0028970091173080473,0.04742566476101378,0.07237295719496735,0.06196314828336246,0.48846800525322465,1.8777686483766303,1,physical_noise_dominant,3.1796309327598777,0.0,-1.5418360979643353,3.1796309327598777
0.17400000000000002,0.06,0.3,0.135888,0.5733677077963646,0.0,0.7171122994652408,0.6000000000000001,0.17400000000000002,0.49410115762177576,0.0,0.0,0.0,0.0,0.007272575220451207,0.0,0.0,0.49410115762177576,0.006000000000000005,0.0029646069457306573,0.0029646069457306573,0.050390271706744434,0.075337564140698,0.06417169006873766,0.49970717996058145,1.4037664205135982,1,physical_noise_dominant,3.1641820685126305,0.0,-1.1389499382111978,3.1641820685126305
0.18,0.06,0.3,0.13943999999999998,0.5827703411762487,0.0,0.7379679144385026,0.615,0.18,0.5053132022993876,0.0,0.0,0.0,0.0,0.0,0.0,0.0,0.5053132022993876,0.005999999999999978,0.0030318792137963143,0.0030318792137963143,0.05342215092054075,0.07836944335449432,0.06641478250380875,0.5053132022993878,0.9343370564677301,1,physical_noise_dominant,3.1565441096880407,-11212.044677611833,-0.7536119373573485,11215.201221721522
0.08,0.06,0.0,0.05528,0.30841606052765996,0.3831678789446801,0.3903743315508022,0.0,0.0,0.1093869117059054,0.0007329586634858085,0.0,0.35095191232500106,0.0,0.05371739016785131,0.0,0.0,0.1093869117059054,1e-06,1.093869117059054e-07,1.093869117059054e-07,1.093869117059054e-07,1.093869117059054e-07,1.093869117059054e-07,0.13448829563329,0.24766193789527102,0,attack_dominant,6.033986521005909,-0.7469829525877235,-0.06703802757149546,6.780969473593633
0.08,0.06,0.05,0.05944000000000001,0.32521790576417275,0.3495641884716545,0.3903743315508022,0.05000000000000003,0.05,0.13448829563329,0.001338951223785933,0.6720738094605117,0.6411104962765365,1.0,0.08621541824222359,0.0,0.0,0.13448829563329,0.05,0.006724414781664501,0.006724414781664501,0.006724524168576207,0.006724524168576207,0.00640430873197734,0.14687139252805356,0.36991977755165606,0,attack_dominant,5.993699244821123,-0.752133924803021,-0.09850061339650118,6.745833169624143
0.08,0.06,0.1,0.0636,0.3415728308168756,0.31685433836624877,0.3903743315508022,0.10000000000000002,0.1,0.15925448942281714,0.0020884874472689805,0.6541970021081145,1.0,0.9734005296728535,0.11472777876798441,0.0,0.0,0.15925448942281714,0.05,0.007962724471140858,0.007962724471140858,0.014687248639717064,0.014687248639717064,0.013352044217924602,0.17148027338845562,0.4891214710988008,0,attack_dominant,5.9155963606735895,-0.7622432665812728,-0.12610452179556741,6.677839627254862
0.08,0.06,0.15000000000000002,0.06776,0.35750825472524506,0.2849834905495099,0.3903743315508022,0.15000000000000002,0.15000000000000002,0.18370605735409423,0.001984118512991674,0.6374169563347774,0.9500265446106535,0.9484329657875612,0.1072358756719464,0.0,0.0,0.18370605735409423,0.05000000000000002,0.009185302867704715,0.009185302867704715,0.023872551507421777,0.023872551507421777,0.02075874044123633,0.19578353963793368,0.4831789049273614,0,attack_dominant,5.8421313099706715,-0.7722612432344849,-0.11885132342881466,6.614392553205157
0.08,0.06,0.2,0.07192000000000001,0.3730482074821504,0.2539035850356992,0.3903743315508022,0.20000000000000007,0.2,0.20786102192177322,0.0018880409907655945,0.6215981102762137,0.9040231451879203,0.9248956015339804,0.10062154035107013,0.0,0.0,0.20786102192177322,0.04999999999999999,0.010393051096088658,0.010393051096088658,0.034265602603510435,0.034265602603510435,0.028554668836258696,0.21979816388119178,3.4619502722348177,0,attack_dominant,5.7727462123216355,-0.7822119715646223,59.575427346149084,6.554958183886258
0.08,0.06,0.25,0.07608000000000001,0.38821391937393307,0.22357216125213386,0.3903743315508022,0.25000000000000006,0.25,0.23173530584061025,0.0017992024985784276,0.6066284756713071,0.8614859049936654,0.9026218060160104,0.0947396045199727,0.0,0.0,0.23173530584061025,0.04999999999999999,0.01158676529203051,0.01158676529203051,0.045852367895540945,0.045852367895540945,0.036681894316432755,0.5419785668614153,6.334570292923351,0,attack_dominant,77.44721225486151,-10.986911834930734,57.452400413770675,88.43412408979225
0.08,0.06,0.30000000000000004,0.08024,0.4030242810535493,0.19395143789290137,0.3903743315508022,0.30000000000000004,0.30000000000000004,0.25534307710032245,0.001716733072317418,0.5924144671846493,0.8219982717934509,0.8814723306361147,0.08947531292671186,1.0,0.5968787507818981,0.8522218278822206,0.050000000000000044,0.012767153855016134,0.04261109139411107,0.05861952175055708,0.08846345928965202,0.06804881483819386,0.853255193173527,3.1389236248748613,0,attack_dominant,74.82611209425765,-10.388920098910678,-63.91293336096975,85.21503219316833
0.08,0.06,0.35000000000000003,0.0844,0.4174962079605763,0.1650075840788474,0.3903743315508022,0.3500000000000001,0.35000000000000003,0.2786970222805927,0.0016399058815146465,0.5788770762810792,0.7852122279495031,0.861329616081538,0.08473674315490672,1.0,0.5755915361842407,0.8542885584648334,0.04999999999999999,0.013934851114029631,0.04271442792324166,0.07255437286458671,0.1311778872128937,0.09716880534288422,0.855870929348902,0.06262798803937919,0,attack_dominant,0.6287827344651049,-0.09184991415298782,-61.52591273670961,0.7206326486180927
0.08,0.06,0.4,0.08856,0.4316449327274583,0.1367101345450834,0.3903743315508022,0.4,0.4,0.3018085658557542,0.0015681079116579067,0.5659489906752803,0.7508342526589995,0.8420935062617302,0.08044938813609447,1.0,0.5556447343772161,0.8574533002329703,0.04999999999999999,0.015090428292787707,0.042872665011648506,0.08764480115737441,0.1740505522245422,0.12432182301753014,0.8595179919774649,0.08202231997185727,0,attack_dominant,0.8766977472507449,-0.13072085769136166,0.387886638649544,1.0074186049421066
0.08,0.06,0.45,0.09272000000000001,0.4454842425285074,0.10903151494298524,0.3903743315508022,0.45000000000000007,0.45,0.324688048206541,0.0015008177353688242,0.5535723920419634,0.7186146784513237,0.8236779714512728,0.0765522132441471,1.0,0.5368946355154187,0.8615826837219598,0.04999999999999999,0.01623440241032705,0.04307913418609798,0.10387920356770146,0.21712968641064018,0.14974461131768288,0.8640731613460877,0.09913623588664322,0,attack_dominant,1.0949926366881044,-0.16673426456038243,0.3422783182956126,1.2617269012484869
0.08,0.06,0.5,0.09688,0.45902667375094963,0.08194665249810074,0.3903743315508022,0.5,0.5,0.34734487162337263,0.00143758841798425,0.5416972488976902,0.6883395061167921,0.8060085682144383,0.07299473948326822,1.0,0.5192187673468428,0.8665636389702154,0.04999999999999999,0.017367243581168628,0.043328181948510756,0.12124644714887009,0.2604578683591509,0.1736385789061006,0.8694316155661292,0.8952312982294259,0,attack_dominant,1.2880899567406914,-0.20029202352255382,15.921901246855738,1.4883819802632452
0.08,0.06,0.55,0.10104,0.4722836731699579,0.05543265366008421,0.3903743315508022,0.55,0.55,0.36978762118762887,0.0013780342029022488,0.5302799767603301,0.6598240294449655,0.7890204458138272,0.06973485384905444,1.0,0.5025119709744134,0.8722995921620422,0.050000000000000044,0.01848938105938146,0.04361497960810215,0.13973582820825156,0.3040728479672531,0.1961760309466149,0.9535962911690303,2.583862086576657,0,attack_dominant,20.231893173774438,-3.2709608877713308,33.772615766944696,23.50285406154577
0.08,0.06,0.6000000000000001,0.1052,0.48526573253619965,0.02946853492760071,0.3903743315508022,0.6000000000000001,0.6000000000000001,0.39202416571231014,0.000966503973956191,0.5192823746496695,0.4627770088922699,0.7726567637957933,0.4981996844253515,1.0,0.6428688244637082,1.0348929901760182,0.050000000000000044,0.019601208285615523,0.051744649508800956,0.15933703649386707,0.35581749747605407,0.22238593592253378,1.1278178242237953,-1.273600239459359,0,attack_dominant,41.880176215087715,-6.790144879775493,-77.14924652072024,48.67032109486321
0.08,0.06,0.65,0.10936,0.49798250184187803,0.004034996316243933,0.3903743315508022,0.6500000000000001,0.65,0.414061742691569,0.0004751051681594016,0.5086707722271362,0.22748768194928576,0.7568674229925093,1.0,1.0,0.8066809155800028,1.2207426582715717,0.04999999999999993,0.02070308713457842,0.061037132913578505,0.1800401236284455,0.41685463038963255,0.25263916993311064,0.8262362672230954,-6.877008063876025,0,attack_dominant,-72.49556658670616,167.81485265760438,-112.06815648833367,240.31041924431054
0.08,0.06,0.7000000000000001,0.11352000000000001,0.5104428853270249,0.0,0.3903743315508022,0.7000000000000002,0.7000000000000001,0.4317298761746192,0.00013203568497797405,0.08069992632487859,0.0632207223225742,0.12007598747176025,0.6291453015682618,0.0,0.0,0.4317298761746192,0.050000000000000044,0.02158649380873098,0.02158649380873098,0.20162661743717647,0.4384411241983635,0.25790654364609616,0.44011701783619284,-3.6938705330838806,1,attack_dominant,-92.81712725646676,16778.39408625319,63.662750615842825,16871.211213509654
0.08,0.06,0.75,0.11768,0.5226551233931551,0.0,0.3903743315508022,0.7500000000000001,0.75,0.4485041594977648,2.6049912435363376e-06,0.0,0.0012473099835686183,0.0,0.10262604612635952,0.0,0.0,0.4485041594977648,0.04999999999999993,0.02242520797488821,0.02242520797488821,0.22405182541206467,0.46086633217325174,0.26335218981328673,0.45684921391470645,0.3338146262728703,1,attack_dominant,4.022162518873685,0.0,80.5537031871354,4.022162518873685
0.08,0.06,0.8,0.12184000000000002,0.5346268629185368,0.0,0.3903743315508022,0.8000000000000002,0.8,0.46519426833164834,0.0,0.0,0.0,0.0,0.018239613897748114,0.0,0.0,0.46519426833164834,0.050000000000000044,0.023259713416582437,0.023259713416582437,0.2473115388286471,0.4841260455898342,0.26895891421657453,0.47349848046347986,0.33218009460398434,1,attack_dominant,4.002227535762842,0.0,-0.03269063337810074,4.002227535762842
0.08,0.06,0.8500000000000001,0.12600000000000003,0.5463652179575746,0.0,0.3903743315508022,0.8500000000000003,0.8500000000000001,0.48180269259531167,0.0,0.0,0.0,0.0,0.017278641683897648,0.0,0.0,0.48180269259531167,0.050000000000000044,0.024090134629765603,0.024090134629765603,0.2714016734584127,0.5082161802195998,0.2747114487673512,0.4900672233751049,0.33059208063559886,1,attack_dominant,3.9828708922173064,0.0,-0.03176027936755821,3.9828708922173064
0.08,0.06,0.9,0.13016000000000003,0.5578768224135309,0.0,0.3903743315508022,0.9000000000000002,0.9,0.4983317541548963,0.0,0.0,0.0,0.0,0.016380667034689673,0.0,0.0,0.4983317541548963,0.04999999999999993,0.02491658770774478,0.02491658770774478,0.2963182611661575,0.5331327679273445,0.2805961936459708,0.5065576885270398,0.3290475348499804,1,attack_dominant,3.964054123061466,0.0,-0.0308909157124857,3.964054123061466
0.08,0.06,0.9500000000000001,0.13432000000000002,0.5691678759686356,0.0,0.3903743315508022,0.9500000000000003,0.9500000000000001,0.514783622899183,0.0,0.0,0.0,0.0,0.007973325182597213,0.0,0.0,0.514783622899183,0.050000000000000044,0.025739181144959173,0.025739181144959173,0.32205744231111666,0.5588719490723038,0.2866009995242583,0.5229719768601031,0.24602642293979837,1,attack_dominant,3.945742387755189,0.0,-0.022751446019854793,3.945742387755189
0.08,0.06,1.0,0.13848,0.5802441843167399,0.0,0.3903743315508022,1.0,1.0,0.5311603308210193,0.0,0.0,0.0,0.0,0.0,0.0,0.0,0.5311603308210193,0.04999999999999993,0.02655801654105093,0.02655801654105093,0.3486154588521676,0.5854299656133547,0.29271498280667735,0.5311603308210195,0.163767079218329,1,attack_dominant,3.9367086350568368,-16376.707921836321,-0.015032164490094167,16380.644630471379
0.0,0.04,0.0,0.0072,0.06159798868964665,0.8768040226207067,0.0748663101604278,0.0,0.0,-0.13882824645067945,0.0032316591123892715,0.0,0.342504567673929,0.0,1.0,0.0,0.0,-0.13882824645067945,1e-06,-1.3882824645067944e-07,-1.3882824645067944e-07,-1.3882824645067944e-07,-1.3882824645067944e-07,-1.3882824645067944e-07,-0.11402474563913079,4.072041930507343,0,mixed_escalation,6.95789407864359,-0.5119677163674583,334.1805882574921,7.469861795011048
0.006,0.04133333333333333,0.0,0.0107648,0.08582168485113104,0.8283566302977379,0.0982174688057041,0.007861987845520486,0.006,-0.11402474563913079,0.006999399671998213,8.074565387161465,0.7418252591816117,0.5453682739941279,0.9382584782844675,0.0,0.0,-0.11402474563913079,0.006,-0.0006841484738347848,-0.0006841484738347848,-0.0006842873020812355,-0.0006842873020812355,-0.0006802060656871128,-0.08959249405608673,5.98509274497677,0,mixed_escalation,6.881150961038795,-0.5254119660428349,313.685563126785,7.40656292708163
0.012,0.042666666666666665,0.05,0.0180312,0.13023881968751727,0.7395223606249655,0.12156862745098038,0.05138766908449324,0.012,-0.06516024247304267,0.009435375225319254,14.805711612128736,1.0,1.0,0.1385616719095449,0.0,0.0,-0.06516024247304267,0.006,-0.00039096145483825603,-0.00039096145483825603,-0.0010752487569194915,-0.0010752487569194915,-0.0010624987716595766,-0.042203632699409535,6.7292090226171375,0,mixed_escalation,6.487888018861076,-0.5594134130135595,-48.22715380680472,7.047301431874636
0.018000000000000002,0.044000000000000004,0.1,0.025379200000000005,0.17066092146120726,0.6586781570775855,0.1449197860962567,0.09509331503626742,0.018000000000000002,-0.019247022925776375,0.009382384683778212,13.474033924563326,0.9943838437501833,0.9100564888435009,0.6401380857442815,0.0,0.0,-0.019247022925776375,0.006000000000000002,-0.00011548213755465829,-0.00011548213755465829,-0.0011907308944741498,-0.0011907308944741498,-0.0011696767136288309,-0.00884198578468108,5.440859914705321,0,mixed_escalation,5.883334163188188,-0.5573194664364314,-214.72485131863596,6.440653629624619
0.024,0.04533333333333334,0.1,0.029028800000000004,0.18949770819937453,0.621004583601251,0.168270944741533,0.10314232503430701,0.024,0.0015630513564142273,0.00806198250300982,6.278928912722416,0.8544421721963936,0.4240882895205632,0.36898043440245365,0.0,0.0,0.0015630513564142273,0.005999999999999998,9.378308138485362e-06,9.378308138485362e-06,-0.0011813525863356644,-0.0011813525863356644,-0.0011536646350934223,0.023086686277054333,6.1891462521296186,0,mixed_escalation,5.721622421298854,-0.5650202232476758,124.71438957071632,6.2866426445465295
0.03,0.04666666666666667,0.15000000000000002,0.0365,0.22600797322203914,0.5479840535559217,0.19162210338680924,0.14711968241521273,0.03,0.0446103211976944,0.0065402069356723675,12.170088340888215,0.6931581181977926,0.8219860456365071,0.060916694599007136,0.0,0.0,0.0446103211976944,0.005999999999999998,0.0002676619271861663,0.0002676619271861663,-0.000913690659149498,-0.000913690659149498,-0.0008870783098538815,0.06542776924087432,6.054428279756763,0,mixed_escalation,5.637813146081233,-0.5960515462852793,-22.45299539547551,6.233864692366512
0.036000000000000004,0.048,0.2,0.0440528,0.26057508500054294,0.4788498299989141,0.21497326203208555,0.19127700450891982,0.036000000000000004,0.08624521728405427,0.00683498875265638,11.52237059283459,0.7244003115334624,0.77823821608112,0.5316042074393708,0.0,0.0,0.08624521728405427,0.006000000000000005,0.000517471303704326,0.000517471303704326,-0.00039621935544517195,-0.00039621935544517195,-0.00038245111529456753,0.0957398256341355,4.98224532728643,0,mixed_escalation,5.226406132776711,-0.5877013512798186,-178.69715874505533,5.81410748405653
0.042,0.04933333333333333,0.2,0.0477872,0.2769217209118329,0.44615655817633415,0.23832442067736187,0.19951303665947856,0.042,0.10523443398421671,0.006185562993735094,5.448878637096663,0.65557148984775,0.3680254471951878,0.3773596295026702,0.0,0.0,0.10523443398421671,0.005999999999999998,0.0006314066039053,0.0006314066039053,0.0002351872484601281,0.0002351872484601281,0.0002257075321114473,0.1252147131683115,5.747220448146803,0,mixed_escalation,5.124533837396708,-0.5938916679884083,127.49585347672877,5.718425505385117
0.048,0.050666666666666665,0.25,0.0554632,0.3091658119230658,0.3816683761538684,0.26167557932263813,0.2439420701823172,0.048,0.1451949923524063,0.005147639316163472,10.74803033707763,0.5455680556667313,0.7259381121723942,0.038073380604818505,0.0,0.0,0.1451949923524063,0.005999999999999998,0.0008711699541144375,0.0008711699541144375,0.0011063572025745657,0.0011063572025745657,0.0010556843536016847,0.16470647101189712,5.657999342197483,0,mixed_escalation,5.1185625143449895,-0.6253165477985858,-14.87018432488685,5.743879062143575
0.054,0.052000000000000005,0.30000000000000004,0.06322080000000001,0.34009977996442087,0.31980044007115827,0.28502673796791445,0.2885510684179573,0.054,0.18421794967138788,0.0054728566565149855,10.31132268045169,0.580035931356382,0.6964422211226056,0.48225843380945616,0.0,0.0,0.18421794967138788,0.005999999999999998,0.001105307698028327,0.001105307698028327,0.002211664900602893,0.002211664900602893,0.0020983537956384183,0.19311070527468127,4.684098016989163,0,mixed_escalation,4.780059657266854,-0.6138283054341258,-162.31688753471911,5.39388796270098
0.06,0.05333333333333333,0.30000000000000004,0.06704,0.35477913450010357,0.29044173099979287,0.3083778966131907,0.2969741227210351,0.06,0.2020034608779746,0.005052329911426242,4.893118178560901,0.5354667716731204,0.3304885510908164,0.3724827775453306,0.0,0.0,0.2020034608779746,0.005999999999999998,0.0012120207652678472,0.0012120207652678472,0.00342368566587074,0.00342368566587074,0.0032298921376139058,0.22091564721576706,29.83592899877654,0,mixed_escalation,4.7034467468708705,-0.6194602090981338,4191.971830297892,5.322906955969004
0.066,0.05466666666666667,0.35000000000000003,0.07492080000000001,0.3840244192072193,0.2319511615855614,0.331729055258467,0.3418548323858068,0.066,0.23982783355355955,0.00425009226634112,9.748428235705237,0.45044231573708443,0.6584234848745394,0.02736720616671506,0.0,0.0,0.23982783355355955,0.006000000000000005,0.0014389670013213586,0.0014389670013213586,0.004862652667192099,0.004862652667192099,0.004561587867910036,0.5511418532600002,47.70112699792732,0,mixed_escalation,41.30877982003782,-5.927951487922701,2977.532999858452,47.23673130796052
0.07200000000000001,0.05600000000000001,0.4,0.08288320000000002,0.4122577283172152,0.17548454336556962,0.3550802139037434,0.3869155067633798,0.07200000000000001,0.276938215709505,0.004557403373412888,9.411103036665287,0.4830124149364377,0.6356400342794585,0.4515426034906902,1.0,0.5855176572569358,0.8624558729664409,0.006000000000000005,0.0016616292942570315,0.00517473523779865,0.00652428196144913,0.010037387904990749,0.009363234985998833,0.7933291711908954,11.556864693969736,0,mixed_escalation,1.9637523250332833,-0.04866324988724813,-6024.043717326274,2.0124155749205315
0.078,0.05733333333333333,0.4,0.08678720000000001,0.42565400327812986,0.1486919934437403,0.37843137254901965,0.39552558321897674,0.078,0.2938081727731455,0.004248879325601964,4.465424986971562,0.45031376327253586,0.30160151054904494,0.3646080526642076,1.0,0.43039429664220485,0.7242024694153504,0.0059999999999999915,0.0017628490366388707,0.004345214816492096,0.008287130998088001,0.014382602721482845,0.013341932023639003,0.6898242295876379,-0.0010699331379129262,0,mixed_escalation,-26.651053808688808,3.8691372373611603,-1926.3224378512784,30.520191046049966
0.084,0.05866666666666667,0.45,0.09487280000000002,0.45252876836378353,0.09494246327243294,0.40178253119429586,0.4408579690256813,0.084,0.32996757476811717,0.0035932065678907755,8.958255028551216,0.38082285887779266,0.6050539996478572,0.02134842898044575,1.0,0.32547841499180746,0.6554459897599246,0.006000000000000005,0.0019798054486087047,0.003932675938559551,0.010266936446696706,0.018315278660042397,0.01689601352402435,0.7933163319932408,3.100227211087791,0,mixed_escalation,12.523093705316946,-2.0611990831421485,516.8828573709561,14.584292788459095
0.09,0.06,0.5,0.10304,0.4785587515148959,0.042882496970208184,0.4251336898395721,0.4863703195451873,0.09,0.36553838149038315,0.00294421077423265,8.676661050370805,0.3120396066848555,0.5860347194161843,0.5612480291432387,1.0,0.5656482927361741,0.9311866742265573,0.0059999999999999915,0.002193230288942296,0.005587120045359336,0.012460166735639003,0.023902398705401732,0.021928806151744706,0.7270269561206919,-27.2352591653554,0,mixed_escalation,-57.6980791090358,9.533796262505469,-5055.914396073885,67.23187537154126
0.096,0.06133333333333334,0.5,0.10702880000000001,0.4908883550247847,0.018223289950430654,0.44848484848484854,0.49516741815330334,0.096,0.3816550905038841,0.0012629713795181507,4.109867836629585,0.13385491825794527,0.27758664657920323,0.022173864293800024,1.0,0.14121214751094183,0.5228672380148259,0.006000000000000005,0.0022899305430233064,0.0031372034280889582,0.014750097278662309,0.02703960213349069,0.02467116982982727,0.46649322200897547,-25.38378334783244,0,mixed_escalation,-73.53134663214622,10.594531475485331,308.579302920499,84.12587810763155
0.10200000000000001,0.06266666666666668,0.55,0.11531920000000002,0.5157546701474713,0.0,0.47183600713012486,0.5409514801019408,0.10200000000000001,0.4101192060031252,0.00028484268079585556,3.03721499173844,0.030188802670136277,0.20513806234415471,0.18304031232454518,0.0,0.0,0.4101192060031252,0.006000000000000005,0.002460715236018753,0.002460715236018753,0.01721081251468106,0.029500317369509442,0.02676979797596138,0.4224215559467024,-2.1930551992330294,1,mixed_escalation,-5.370948647192822,24606.049874592456,3865.1213580998865,24611.42082323965
0.108,0.064,0.6000000000000001,0.12369120000000002,0.5398788458410158,0.0,0.49518716577540106,0.5869155067633798,0.108,0.43472390589028065,5.313412745879471e-05,0.0,0.005631374077865237,0.0,0.36680960426621506,0.0,0.0,0.43472390589028065,0.0059999999999999915,0.00260834343534168,0.00260834343534168,0.01981915595002274,0.03210866080485112,0.028978935744450467,0.44017655961817903,2.946821569946941,1,mixed_escalation,2.762778370293134,0.0,856.6461281966629,2.762778370293134
0.114,0.06533333333333334,0.6000000000000001,0.1277648,0.5512761188026812,0.0,0.5185383244206774,0.595899627524015,0.114,0.44562921334607764,0.0,0.0,0.0,0.0,0.2634649705355277,0.0,0.0,0.44562921334607764,0.006000000000000005,0.0026737752800764683,0.0026737752800764683,0.022492931230099208,0.034782436084927586,0.031223012643561563,0.45778341478606555,3.4849535065522304,1,mixed_escalation,2.7368203668408917,0.0,89.68865610087167,2.7368203668408917
0.12,0.06666666666666667,0.65,0.13626,0.5743596520263361,0.0,0.5418894830659536,0.6421353656145854,0.12,0.46993761622605473,0.0,0.0,0.0,0.0,0.0024898054215212154,0.0,0.0,0.46993761622605473,0.0059999999999999915,0.0028196256973563242,0.0028196256973563242,0.025312556927455532,0.03760206178228391,0.03357326944846777,0.4819960016968059,3.4666039548527365,1,mixed_escalation,2.8367630313786734,0.0,-3.058258616573511,2.8367630313786734
0.126,0.068,0.7000000000000001,0.14483680000000002,0.5967671192023437,0.0,0.56524064171123,0.6885510684179573,0.126,0.4940543871675557,0.0,0.0,0.0,0.0,0.28448780509366123,0.0,0.0,0.4940543871675557,0.006000000000000005,0.0029643263230053367,0.0029643263230053367,0.02827688325046087,0.040566388105289244,0.036026987660114786,0.4993826622442983,2.8866009878015007,1,mixed_escalation,2.644028713719621,0.0,-96.66716117518459,2.644028713719621
0.132,0.06933333333333333,0.7000000000000001,0.14899520000000002,0.6073200697627513,0.0,0.5885918003565063,0.6977222113311117,0.132,0.5047109373210421,0.0,0.0,0.0,0.0,0.259953132430865,0.0,0.0,0.5047109373210421,0.006000000000000005,0.0030282656239262553,0.0030282656239262553,0.03130514887438712,0.0435946537292155,0.038511178206020756,0.516635213550424,3.4177384213680853,1,mixed_escalation,2.620401453669121,0.0,88.52290559440286,2.620401453669121
0.138,0.07066666666666667,0.75,0.1576952,0.6287671188244197,0.0,0.6119429590017826,0.744409625563615,0.138,0.5285594897798072,0.0,0.0,0.0,0.0,0.0017396098081456249,0.0,0.0,0.5285594897798072,0.006000000000000005,0.0031713569386788458,0.0031713569386788458,0.034476505813065966,0.04676601066789434,0.04109491271343967,0.5403955233007154,3.4008830289496217,1,mixed_escalation,2.7185347981783465,0.0,-2.809232069739778,2.7185347981783465
0.14400000000000002,0.07200000000000001,0.8,0.1664768,0.6495813776142341,0.0,0.6352941176470589,0.7912770045089199,0.14400000000000002,0.5522315568216236,0.0,0.0,0.0,0.0,0.27925371588090075,0.0,0.0,0.5522315568216236,0.006000000000000005,0.0033133893409297444,0.0033133893409297444,0.03778989515399571,0.05007940000882408,0.04377569930841266,0.5574458098978194,2.8313047602509585,1,mixed_escalation,2.5352160006400197,0.0,-94.92971144976096,2.5352160006400197
0.15,0.07333333333333333,0.8,0.17072,0.6593491866340024,0.0,0.6586452762923352,0.8006351695745932,0.15,0.5626600629740162,0.0,0.0,0.0,0.0,0.25639485567142395,0.0,0.0,0.5626600629740162,0.005999999999999978,0.0033759603778440845,0.0033759603778440845,0.041165855531839796,0.05345536038666817,0.04648292207536363,0.5743711804237268,3.355355199239426,1,mixed_escalation,2.5133992589796215,0.0,87.34173983138913,2.5133992589796215
0.156,0.07466666666666667,0.8500000000000001,0.17962480000000003,0.6792555597104565,0.0,0.6819964349376114,0.8477742599490297,0.156,0.5860822978734395,0.0,0.0,0.0,0.0,0.00124247398426812,0.0,0.0,0.5860822978734395,0.006000000000000005,0.0035164937872406397,0.0035164937872406397,0.04468234931908044,0.056971854173908806,0.049283610877083744,0.5977100722886926,3.339489948714615,1,mixed_escalation,2.6091735738978628,0.0,-2.644208420813726,2.6091735738978628
0.162,0.07600000000000001,0.9,0.18861120000000003,0.6985571406522879,0.0,0.7053475935828878,0.8950933150362675,0.162,0.6093378467039452,0.0,0.0,0.0,0.0,0.27456896801237113,0.0,0.0,0.6093378467039452,0.006000000000000005,0.0036560270802236746,0.0036560270802236746,0.04833837639930411,0.06062788125413248,0.052175457189442755,0.6144450598083022,2.7792422591103403,1,mixed_escalation,2.4341226583086524,0.0,-93.37461493401722,2.4341226583086524
0.168,0.07733333333333334,0.9,0.19293920000000003,0.7075797054383154,0.0,0.728698752228164,0.9046385022544601,0.168,0.6195522729126581,0.0,0.0,0.0,0.0,0.2527746707215322,0.0,0.0,0.6195522729126581,0.006000000000000005,0.003717313637475952,0.003717313637475952,0.05205569003678007,0.06434519489160843,0.05509006411952777,0.6310609793980166,3.2960824014168395,1,mixed_escalation,2.413751784581887,0.0,86.14002371775513,2.413751784581887
0.17400000000000002,0.07866666666666668,0.9500000000000001,0.20204880000000003,0.7260068186170865,0.0,0.7520499108734404,0.9522292687708294,0.17400000000000002,0.6425696858833757,0.0,0.0,0.0,0.0,0.25439490822378225,0.0,0.0,0.6425696858833757,0.006000000000000005,0.003855418115300258,0.003855418115300258,0.05591110815208032,0.06820061300690869,0.058092515338082365,0.6539980486253043,2.863785997434732,1,mixed_escalation,2.5068519151411266,0.0,86.677859640869,2.5068519151411266
0.18,0.08,1.0,0.21124,0.7438462784671149,0.0,0.7754010695187166,1.0,0.18,0.6654264113672335,0.0,0.0,0.0,0.0,0.0,0.0,0.0,0.6654264113672335,0.005999999999999978,0.003992558468203386,0.003992558468203386,0.05990366662028371,0.07219317147511208,0.061180653792467864,0.6654264113672335,1.9047271236548662,1,mixed_escalation,2.4868053664219905,22856.725483857754,-2.2317706508288837,22859.212289224175
0.08,0.0,0.25,0.06390000000000001,0.342735750184333,0.314528499631334,0.27807486631016043,0.1375,0.0,0.14704178590028183,0.0001607580170745581,0.0,0.14613646969904334,0.0,0.25903297748421694,0.0,0.0,0.14704178590028183,1e-06,1.4704178590028182e-07,1.4704178590028182e-07,1.4704178590028182e-07,1.4704178590028182e-07,1.4704178590028182e-07,0.162269491730832,0.757764533333885,0,phase_sensitive,7.5013329214533195,-0.9745706246092563,-0.3620758193625173,8.475903546062575
0.08,0.01,0.25,0.06593,0.3505482706143714,0.29890345877125724,0.2967914438502674,0.1599999999999999,0.01,0.162269491730832,0.0002977518514532228,1.5625040860076767,0.5235857091411629,1.0,0.6400814284697661,0.0,0.0,0.162269491730832,0.01,0.00162269491730832,0.00162269491730832,0.0016228419590942204,0.0016228419590942204,0.0016067742169249707,0.16984713706417084,1.1348866884214885,0,phase_sensitive,7.483496674194058,-0.9783453056621161,-0.5380869772964161,8.461841979856175
0.08,0.02,0.25,0.06796,0.35826423749257974,0.2834715250148405,0.31550802139037437,0.18249999999999994,0.02,0.17742478239750967,0.0004706646928037822,1.5431933756416716,1.0,0.9876411776846322,1.0,0.0,0.0,0.17742478239750967,0.01,0.0017742478239750968,0.0017742478239750968,0.003397089783069317,0.003397089783069317,0.0033304801794797226,0.18496722549926176,1.50853595445132,0,phase_sensitive,7.448319426153127,-0.9858345294652091,-0.7043379733918016,8.434153955618335
0.08,0.03,0.25,0.06999000000000001,0.36588633175322327,0.26822733649355346,0.3342245989304813,0.20500000000000002,0.03,0.19250966860101373,0.0004593594765738468,1.5244188521287063,0.9688515524288268,0.9756255140578345,0.9589566502973049,0.0,0.0,0.19250966860101373,0.009999999999999998,0.001925096686010137,0.001925096686010137,0.005322186469079454,0.005322186469079454,0.005167171329203353,0.20001785615319725,1.501682159204309,0,phase_sensitive,7.414103770411607,-0.9932996865688146,-0.6853795247011618,8.407403456980422
0.08,0.04,0.25,0.07202,0.37341707788168416,0.2531658442366317,0.35294117647058826,0.2274999999999999,0.04,0.20752604370538075,0.00044848616556987503,1.506149225692177,0.9388931022016248,0.9639329837149476,0.9202445968638238,0.0,0.0,0.20752604370538075,0.010000000000000002,0.002075260437053808,0.002075260437053808,0.0073974469061332615,0.0073974469061332615,0.007112929717435828,0.2150008686833479,1.4950071798882707,0,phase_sensitive,7.380794349827916,-1.0007446107913402,-0.6674979316040037,8.381538960619256
0.08,0.05,0.25,0.07405,0.380858857145568,0.238282285708864,0.37165775401069523,0.24999999999999994,0.05,0.22247569366131503,0.00043801778276012616,1.488355852776768,0.910050321446931,0.9525452548285084,0.883671795483071,0.0,0.0,0.22247569366131503,0.010000000000000002,0.002224756936613151,0.002224756936613151,0.009622203842746412,0.009622203842746412,0.009164003659758488,0.22991799975096266,26.156740564246476,0,phase_sensitive,7.3483404273964155,-1.0081729008122444,2466.1733384358195,8.35651332820866
0.08,0.06,0.25,0.07608000000000001,0.38821391937393307,0.22357216125213386,0.3903743315508022,0.27249999999999996,0.06,0.23736030584061024,0.00042792971018866473,1.4710124456730151,0.8822553820848421,0.9414455033084553,0.849066751163156,0.0,0.0,0.23736030584061024,0.009999999999999995,0.0023736030584061013,0.0023736030584061013,0.011995806901152513,0.011995806901152513,0.011316798963351428,0.738135679968277,50.12397886320658,0,phase_sensitive,250.35353705286653,-35.14116226940906,2396.7238298960083,285.4946993222756
0.08,0.07,0.25,0.07811,0.39548439347848974,0.20903121304302053,0.40909090909090917,0.2949999999999999,0.07,0.2521814769270491,0.0004181994266548918,1.4540948209113322,0.8554462330743321,0.9306182517747273,0.8162758401209228,1.0,0.9867295771688958,1.238911054095945,0.010000000000000009,0.0025218147692704935,0.01238911054095946,0.014517621670423007,0.02438491744211197,0.022789642469263523,1.2323975770150943,24.089139860990805,0,phase_sensitive,243.4787670181391,-33.78662457690436,-2603.4839002215767,277.26539159504347
0.08,0.08,0.25,0.08014000000000002,0.40267229688036277,0.19465540623927446,0.42780748663101603,0.3175000000000001,0.08,0.26694071998647534,0.0004088062805151656,1.4375806803746067,0.8295659744299292,0.920049229469691,0.785161040112771,1.0,0.958943379947768,1.2258840999342433,0.009999999999999995,0.002669407199864752,0.012258840999342427,0.01718702887028776,0.0366437584414544,0.03392940596430963,1.2199184771880938,-1.1950076182319123,0,phase_sensitive,-6.1473398162564195,0.8725834655607017,-2528.4147479222665,7.019923281817121
0.08,0.09,0.25,0.08217,0.4097795439811231,0.1804409120377538,0.446524064171123,0.33999999999999997,0.09,0.2816394708200669,0.0003997312921437864,1.4214494201520662,0.8045623129567043,0.9097252499249353,0.7555979982190992,1.0,0.9323133836218767,1.2139528544419436,0.009999999999999995,0.0028163947082006677,0.01213952854441943,0.020003423578488427,0.04878328698587383,0.04475530916135213,1.208497424650456,-1.09279905645257,0,phase_sensitive,-5.626134254993701,0.8076081689818153,10.220856177934934,6.4337424239755165
0.08,0.1,0.25,0.0842,0.4168079537962245,0.16638409240755103,0.4652406417112299,0.3624999999999999,0.1,0.2962790936894143,0.00039095698155315633,1.4056819630202764,0.7803870873045194,0.8996341037493902,0.7274743789763114,1.0,0.9067629011695545,1.2030419948589688,0.010000000000000009,0.0029627909368941455,0.012030419948589699,0.022966214515382572,0.06081370693446353,0.055285188122239565,1.1980624960590425,-0.9974618624453342,0,phase_sensitive,-5.140358912026443,0.746103539024034,9.53371940072428,5.886462451050477
0.08,0.11,0.25,0.08623,0.4237592568518739,0.15248148629625224,0.4839572192513369,0.3849999999999999,0.11,0.31086088648917276,0.00038246721744675743,1.3902606111298794,0.756995852074576,0.8897644643490865,0.7006884464782314,1.0,0.8822221107699433,1.1930829972591162,0.009999999999999995,0.003108608864891726,0.011930829972591156,0.0260748233802743,0.07274453690705468,0.06553561883518438,1.1885481874015493,-0.9083895474643242,0,phase_sensitive,-4.686851555414989,0.6877789918453132,8.907231498097808,5.374630547260303
0.08,0.12,0.25,0.08826,0.43063510143208844,0.13872979713582312,0.5026737967914439,0.4075,0.12,0.3253860854323551,0.0003742470846044163,1.3751689160429132,0.734347512435591,0.8801058047512568,0.6751478426675899,1.0,0.8586272921116288,1.1840133775439838,0.009999999999999995,0.0032538608543235493,0.011840133775439833,0.02932868423459785,0.0845846706824945,0.07552202739508437,1.179894705109756,-0.8250418794868892,0,phase_sensitive,-4.262799158519272,0.6323743430181636,8.334766797739952,4.895173501537435
0.08,0.13,0.25,0.09029,0.4374370592507079,0.12512588149858417,0.5213903743315508,0.4299999999999998,0.13,0.33985586930434103,0.0003662827670082356,1.360391563723894,0.7124040021090996,0.8706483239988214,0.6507685308667115,1.0,0.835920163371187,1.175776032675528,0.010000000000000009,0.0033985586930434133,0.01175776032675529,0.03272724292764126,0.0963424310092498,0.0852587885037609,1.1720473498118116,-0.7469363144416477,0,phase_sensitive,-3.8656922649972785,0.5796559832034873,7.810556504532322,4.445348248200766
0.08,0.14,0.25,0.09232000000000001,0.4441666306130422,0.11166673877391564,0.5401069518716578,0.45250000000000007,0.14,0.35427136333411324,0.00035856144453336067,1.3459142724668516,0.6911299987289681,0.8613828818238617,0.6274738790233686,1.0,0.8140473036139817,1.168318666948095,0.010000000000000009,0.0035427136333411355,0.01168318666948096,0.03626995656098239,0.10802561767873076,0.09475931375327258,1.164955978820923,-0.6736407001138218,0,phase_sensitive,-3.4932862024077167,0.5294136106112148,7.329561432779389,4.0226998130189315
0.08,0.15,0.25,0.09435000000000002,0.4508252491232929,0.09834950175341417,0.5588235294117647,0.47500000000000014,0.15,0.36863364272482263,0.0003510712013693718,1.3317237020501496,0.6704926715214566,0.8523009405068569,0.6051938615687261,1.0,0.79295964796893,1.1615932906937527,0.009999999999999981,0.003686336427248219,0.011615932906937505,0.03995629298823061,0.11964155058566826,0.10403613094405936,1.1585745358095352,-0.6047670399107972,0,phase_sensitive,-3.1435679859057473,0.4814574280888593,6.88736602029465,3.6250254139946065
0.08,0.16,0.25,0.09638000000000001,0.45741428598663736,0.08517142802672528,0.5775401069518716,0.4975,0.16,0.38294373588035235,0.000343800944619753,1.3178073726688877,0.650461457028201,0.8433945129935573,0.5838643623740557,1.0,0.7726120450449654,1.1555557809253179,0.010000000000000009,0.003829437358803527,0.011555557809253188,0.04378573034703414,0.13119710839492146,0.11310095551286334,1.152860638022707,-0.5399661437205125,0,phase_sensitive,-2.814727973807237,0.4356157301441286,6.480089619039468,3.2503437039513656
0.08,0.17,0.25,0.09841,0.4639350539486823,0.07212989210263543,0.5962566844919787,0.5199999999999998,0.17,0.3972026273599074,0.00033674033176047476,1.3041535924089842,0.631007859238074,0.8346561164785183,0.5634265641666129,1.0,0.7529628677601878,1.1501654951200952,0.010000000000000009,0.0039720262735990775,0.011501654951200964,0.04775775662063322,0.14269876334612241,0.12196475499668583,1.1477752129351249,-6.575258593438285,0,phase_sensitive,-2.5051355111234557,0.3917328190382179,-603.5292449717743,2.8968683301616736
0.08,0.18,0.25,0.10043999999999999,0.4703888109097044,0.05922237818059117,0.6149732620320856,0.5424999999999998,0.18,0.41141126058869537,0.00032987970583301616,1.290751392204428,0.6121052710291888,0.8260787307778512,0.5438264121357795,1.0,0.7339736701614612,1.1453849307501565,0.009999999999999981,0.004114112605886946,0.011453849307501544,0.051871869226520165,0.15415261265362395,0.13063780733357963,1.021355466153942,-17.893219705509892,0,phase_sensitive,-62.2757373306313,9.9420602364602,-1131.7961112071828,72.21779756709151
0.08,0.19,0.25,0.10247,0.4767767632465566,0.0464464735068868,0.6336898395721925,0.565,0.19,0.42557054034935593,0.0002040561204070278,1.2775904673704364,0.2654326135455887,0.817655760910541,0.26711463638850824,1.0,0.4717554612083724,0.8973260015577283,0.010000000000000009,0.0042557054034935635,0.008973260015577291,0.05612757463001373,0.16312587266920126,0.13708056526823637,0.7899108188249269,-16.94299150309096,0,phase_sensitive,-114.01214154138714,18.19549437154949,-442.053093422115,132.20763591293664
0.08,0.2,0.25,0.10450000000000001,0.4831000688712066,0.0337998622575868,0.6524064171122994,0.5875,0.2,0.4396813350758648,0.00010771831468643483,1.2646611249299988,0.0,0.8093810033875236,0.0,1.0,0.24281430101625706,0.6824956360921219,0.010000000000000009,0.0043968133507586524,0.006824956360921225,0.06052438798077238,0.16995082903012249,0.1416256908584354,0.6824956360921225,-10.741518273280427,0,phase_sensitive,-105.82776623921477,16.98718820644522,166.14281863410858,122.81495444565999
0.0,0.03,0.1,0.012580000000000001,0.0974485353026005,0.805102929394799,0.05614973262032085,0.05500000000000001,0.0,-0.10193365199898546,0.0027282448343886843,0.0,0.37186062123240665,0.0,0.17162700515749332,0.0,0.0,-0.10193365199898546,1e-06,-1.0193365199898545e-07,-1.0193365199898545e-07,-1.0193365199898545e-07,-1.0193365199898545e-07,-1.0193365199898545e-07,-0.06539967843393314,2.9206661062609363,0,curvature_probe,6.649538215768423,-0.5529039403223176,-20.63861513779308,7.202442156090741
0.006,0.030088888888888887,0.12878477593361912,0.018074212136177707,0.130486800090291,0.739026399819418,0.07717171717171717,0.0852035122560207,0.006,-0.06539967843393314,0.004830102857130109,11.01275492923017,0.6583445248128844,1.0,0.2583766011346179,0.0,0.0,-0.06539967843393314,0.006,-0.0003923980706035989,-0.0003923980706035989,-0.0003925000042555979,-0.0003925000042555979,-0.0003901590499558627,-0.047875681796367524,4.33390944161825,0,curvature_probe,6.47530331295001,-0.5600416564034965,-28.486901433318565,7.035344969353506
0.012,0.030355555555555556,0.15749065479720942,0.023638402024649962,0.16140847537876826,0.6771830492424635,0.09852644087938206,0.11554668052498197,0.012,-0.03035168515880192,0.007336740376937027,10.307225096159074,1.0,0.9359352098902637,0.3020157228491511,0.0,0.0,-0.03035168515880192,0.006,-0.00018211011095281153,-0.00018211011095281153,-0.0005746101152084094,-0.0005746101152084094,-0.0005677965565300488,-0.013392765134514137,5.661548591550233,0,curvature_probe,6.162779870274842,-0.5729445812391128,-32.434958101977315,6.7357244515139545
0.018000000000000002,0.0308,0.18603895577212698,0.029267811038783578,0.19070657131065305,0.6185868573786939,0.1202139037433155,0.14597378263248306,0.018000000000000002,0.0035661548897736456,0.006608370437649747,9.766031977294935,0.9007229502659104,0.8867928179690833,0.2331745597383178,0.0,0.0,0.0035661548897736456,0.006000000000000002,2.139692933864188e-05,2.139692933864188e-05,-0.0005532131858697675,-0.0005532131858697675,-0.0005434314203042902,0.020062901302235273,5.504307442821179,0,curvature_probe,5.912586485836954,-0.5844740857266271,-26.20685812150873,6.497060571563581
0.024,0.03142222222222222,0.21435142994976764,0.034957469444004366,0.21867417483809942,0.5626516503238012,0.14223410576351753,0.17642878173367527,0.024,0.036559647714696886,0.006037381837728726,9.322534509148793,0.8228970261380896,0.8465215624116745,0.1909557111570847,0.0,0.0,0.036559647714696886,0.005999999999999998,0.00021935788628818127,0.00021935788628818127,-0.0003338552995815862,-0.0003338552995815862,-0.00032603056599764274,0.05265892417934002,5.369983676496097,0,curvature_probe,5.702333219421416,-0.5950741367673835,-22.387294387513577,6.297407356188799
0.03,0.03222222222222222,0.2423504748063864,0.040702205863709054,0.2455025653294604,0.5089948693410792,0.16458704693998813,0.2068554690355609,0.03,0.06875820064398314,0.005566249953687978,8.942796830453664,0.7586816035068422,0.8120399380465282,0.1634678918527021,0.0,0.0,0.06875820064398314,0.005999999999999998,0.0004125492038638987,0.0004125492038638987,7.869390428231251e-05,7.869390428231251e-05,7.640184881777913e-05,0.08450270542018842,5.250580943965618,0,curvature_probe,5.519975902234109,-0.605002707260105,-19.90045542174647,6.124978609494214
0.036000000000000004,0.0332,0.2699593469062211,0.046496657681107556,0.27132435032476854,0.4573512993504629,0.18727272727272729,0.23719760799308764,0.036000000000000004,0.10024721019639375,0.005163615745460682,8.607261665102701,0.7038024354374673,0.7815720698784658,0.14497358748649825,0.0,0.0,0.10024721019639375,0.006000000000000005,0.000601483261178363,0.000601483261178363,0.0006801771654606755,0.0006801771654606755,0.0006565416655025825,0.11566589550692745,5.141217354133221,0,curvature_probe,5.3582666914232355,-0.6144256107391022,-18.22726497206611,5.972692302162338
0.042,0.034355555555555556,0.2971023722499152,0.05233528237029813,0.29623544207319674,0.4075291158536065,0.21029114676173502,0.2673990796408665,0.042,0.1310845808174612,0.004810591361396026,8.30369724947607,0.6556851018632299,0.7540072672857098,0.13233883132030574,0.0,0.0,0.1310845808174612,0.005999999999999998,0.0007865074849047669,0.0007865074849047669,0.0014666846503654423,0.0014666846503654423,0.001407566842961077,0.1461973136697871,5.0387122066404935,0,curvature_probe,5.21250181756405,-0.6234571692080968,-17.084191248788102,5.835958986772146
0.048,0.03568888888888889,0.3237051536916901,0.05821236974612093,0.3203074376822603,0.35938512463547945,0.23364230540701128,0.2974040287160624,0.048,0.16131004652211306,0.004495015036230571,8.023998536354513,0.6126719503882961,0.7286095611786595,0.12369812573828441,0.0,0.0,0.16131004652211306,0.005999999999999998,0.0009678602791326781,0.0009678602791326781,0.0024345449294981203,0.0024345449294981203,0.0023230390548646183,0.17613044198661337,4.9408974370410075,0,curvature_probe,5.0794570960238214,-0.6321804526008301,-16.302461599915375,5.711637548624651
0.054,0.0372,0.3496947748567507,0.06412205511852456,0.3435951256717166,0.31280974865656686,0.25732620320855615,0.32715701022246013,0.054,0.19095083745111371,0.004208672758969195,7.762562663152101,0.5736434087539907,0.7048701903416216,0.11786758321088525,0.0,0.0,0.19095083745111371,0.005999999999999998,0.001145705024706682,0.001145705024706682,0.003580249954204802,0.003580249954204802,0.0033968215884296036,0.20548808291427917,4.846247622839714,0,curvature_probe,4.956829032120478,-0.6406583710970484,-15.774969033548473,5.597487403217526
0.06,0.03888888888888889,0.375,0.07005833333333333,0.3661413017652555,0.267717396469489,0.28134284016636957,0.35660313608091615,0.06,0.22002532837744454,0.003945815794485065,7.515392031179645,0.5378159225708325,0.6824261576213062,0.11405730541381849,0.0,0.0,0.22002532837744454,0.005999999999999998,0.0013201519702646669,0.0013201519702646669,0.004900401924469469,0.004900401924469469,0.004623020683461763,0.23428541346068993,21.967775848811186,0,curvature_probe,4.842917652094295,-0.6489402083490519,2853.588037661909,5.491857860443346
0.066,0.04075555555555556,0.3995514692582649,0.07601507367743023,0.38797999988132614,0.22404000023734771,0.3056922162804516,0.38568822150740123,0.066,0.24854549854393526,0.003702309611419277,7.2795660386902075,0.504625953926004,0.6610122612797554,0.1117184892229698,0.0,0.0,0.24854549854393526,0.006000000000000005,0.001491272991263613,0.001491272991263613,0.006391674915733082,0.006391674915733082,0.005995942697685818,0.46910139310001364,38.408273915772156,0,curvature_probe,39.29083757123084,-5.61567816749179,2740.083011160156,44.90651573872263
0.07200000000000001,0.042800000000000005,0.42328188876086026,0.08198603562249195,0.40913874012122575,0.1817225197575485,0.3303743315508022,0.41435893075663155,0.07200000000000001,0.2765186540902377,0.0034751165921547505,7.052913413299864,0.47365947459157015,0.6404313415328936,0.11045682999787317,1.0,0.41313863356585423,0.6896572876560919,0.006000000000000005,0.0016591119245414276,0.0041379437259365555,0.00805078684027451,0.010529618641669639,0.009822405449318693,0.6951847004499562,19.78235668829946,0,curvature_probe,37.88635024279889,-5.266629136898327,-3104.3195379121225,43.152979379697214
0.078,0.04502222222222222,0.4461262150774107,0.0879648853775391,0.4296401405018466,0.14071971899630675,0.3553891859774213,0.4425629218669094,0.078,0.3039486730385966,0.003261966792524612,6.8338001268736335,0.4446070904701185,0.6205350224161703,0.109980903631663,1.0,0.396763440205224,0.7007121132438205,0.0059999999999999915,0.0018236920382315768,0.004204272679462918,0.009874478878506086,0.014733891321132557,0.013667802709770461,0.7064896733596078,4.776010508464559,0,curvature_probe,1.8905834172092355,-0.28040938492089396,-2501.0576966391513,2.1709928021301295
0.084,0.04742222222222223,0.46802183349737203,0.09394521321671409,0.4495031018411203,0.1009937963177594,0.380736779560309,0.4702489900402572,0.084,0.3308369298029663,0.0030611402434934077,6.6209871130912195,0.41723436924605817,0.6012107919988056,0.11007007367333185,1.0,0.381430303672428,0.7122672334753943,0.006000000000000005,0.0019850215788177997,0.0042736034008523695,0.011859500457323886,0.019007494721984926,0.017534589226923362,0.7524968265515308,17.13548300271546,0,curvature_probe,7.701105838329518,-1.2051950042656152,2059.9120823751496,8.906300842595133
0.09,0.05,0.48890872965260124,0.09992055154488799,0.46874369734221855,0.06251260531556291,0.40641711229946526,0.497367209291257,0.09,0.35718299778937124,0.002567282058837203,6.413531833699424,0.34992134475787495,0.5823730642254247,0.27671806381082664,1.0,0.4355434218382969,0.7927264196276682,0.0059999999999999915,0.0021430979867362245,0.004756358517766002,0.01400259844406011,0.02376385323975093,0.021801700219954978,0.9121154693921931,-2.8088697271643923,0,curvature_probe,26.764212953675575,-4.283955294333113,-3324.058788313319,31.048168248008686
0.096,0.052755555555555556,0.5087296540125668,0.1058843936599389,0.4873758523294085,0.025248295341183002,0.4324301841948901,0.5238690719982126,0.096,0.3829851940855875,0.0015238764019321108,6.210718329063312,0.20770482852608518,0.563956827240272,0.813271173829838,1.0,0.6485193250711304,1.031504519156718,0.006000000000000005,0.002297911164513527,0.006189027114940314,0.016300509608573637,0.029952880354691243,0.027329270396616097,0.7187903898255572,-41.43134870957968,0,curvature_probe,-32.68501778358455,12.179146674279702,-6437.079830402514,44.86416445786425
0.10200000000000001,0.0556888888888889,0.527430278801334,0.1118302131668566,0.5054118712778328,0.0,0.4587759952465835,0.5497076259913497,0.10200000000000001,0.4060762604943956,0.0006009814208316604,4.208049223530496,0.08191395496572834,0.38210686159568014,1.0,0.0,0.0,0.4060762604943956,0.006000000000000005,0.0024364575629663757,0.0024364575629663757,0.01873696717154001,0.03238933791765762,0.029391413718382595,0.4149392848772364,-23.857198137483195,1,curvature_probe,-50.985244017019085,17726.749909213744,2929.0250953494233,17777.735153230762
0.108,0.0588,0.5449593469062212,0.11775148399522527,0.522862851329936,0.0,0.48545454545454547,0.574837608814764,0.108,0.4238023092600777,0.0001019962268216965,0.0,0.013902117504705587,0.0,0.43015178289577694,0.0,0.0,0.4238023092600777,0.0059999999999999915,0.002542813855560463,0.002542813855560463,0.021279781027100476,0.03493215177321808,0.03152721279171307,0.4325040121757584,2.9002753962174452,1,curvature_probe,2.9740744175105505,0.0,4459.578922283451,2.9740744175105505
0.114,0.062088888888888895,0.5612688123699832,0.12364170096813584,0.5397390097921272,0.0,0.5124658348187761,0.5992155788017535,0.114,0.4412057150914381,0.0,0.0,0.0,0.0,0.04468977365292002,0.0,0.0,0.4412057150914381,0.006000000000000005,0.0026472342905486308,0.0026472342905486308,0.023927015317649108,0.037579386063766713,0.033733739734081426,0.44974258963184566,2.845348215424771,1,curvature_probe,2.935876382606736,0.0,-9.15453013211777,2.935876382606736
0.12,0.06555555555555556,0.5763139720814413,0.12949440086719402,0.5560499452932877,0.0,0.5398098633392752,0.6228000426069931,0.12,0.458279464172254,0.0,0.0,0.0,0.0,0.046721436276058945,0.0,0.0,0.458279464172254,0.0059999999999999915,0.0027496767850335203,0.0027496767850335203,0.026676692102682628,0.04032906284880024,0.036008091829285924,0.46664819076085573,2.7893182004522217,1,curvature_probe,2.8992563319227145,0.0,-9.338335828763519,2.8992563319227145
0.126,0.06920000000000001,0.5900535883036023,0.13530318393503918,0.5718048469580058,0.0,0.5674866310160428,0.6455515788437798,0.126,0.4750169173494555,0.0,0.0,0.0,0.0,0.04861184530464466,0.0,0.0,0.4750169173494555,0.006000000000000005,0.0028501015040967356,0.0028501015040967356,0.029526793606779365,0.043179164352896975,0.038347392853372096,0.4832144080372722,2.7322620270677405,1,curvature_probe,2.864161023591535,0.0,-9.509362230729693,2.864161023591535
0.132,0.07302222222222224,0.6024500017034305,0.1410617357536858,0.5870126622434412,0.0,0.5954961378490791,0.6674329574802723,0.132,0.4914118987250883,0.0,0.0,0.0,0.0,0.050337571524953474,0.0,0.0,0.4914118987250883,0.006000000000000005,0.002948471392350532,0.002948471392350532,0.0324752649991299,0.04612763574524751,0.04074879482795716,0.4994353350856686,2.6742690889670584,1,curvature_probe,2.8305510711711506,0.0,-9.665489683452932,2.8305510711711506
0.138,0.07702222222222223,0.613469234573461,0.1467638494340543,0.6016822314707321,0.0,0.6238383838383839,0.6884092546552596,0.138,0.507458771446248,0.0,0.0,0.0,0.0,0.05187851720499024,0.0,0.0,0.507458771446248,0.006000000000000005,0.0030447526286774902,0.0030447526286774902,0.03552001762780739,0.049172388373925,0.04320948011768454,0.515305637104877,2.6154396893663545,1,curvature_probe,2.7983992907000186,0.0,-9.804899933455374,2.7983992907000186
0.14400000000000002,0.08120000000000002,0.6230810839623344,0.15240344804929706,0.6158223952037819,0.0,0.6525133689839573,0.7084479625815607,0.14400000000000002,0.5231525027635053,0.0,0.0,0.0,0.0,0.05321741671635979,0.0,0.0,0.5231525027635053,0.006000000000000005,0.0031389150165810347,0.0031389150165810347,0.038658932644388425,0.052311303390506034,0.04572666380288989,0.5308206113580649,2.5558835036703798,1,curvature_probe,2.7676894587737664,0.0,-9.926030949315532,2.7676894587737664
0.15,0.08555555555555557,0.6312592044589876,0.15797460724194706,0.6294420792630189,0.0,0.6815210932857991,0.7275190942136255,0.15,0.5384887199526228,0.0,0.0,0.0,0.0,0.05433944713453781,0.0,0.0,0.5384887199526228,0.005999999999999978,0.003230932319715725,0.003230932319715725,0.04188986496410415,0.05554223571022176,0.048297596269758054,0.5459762391489216,2.4957182535156903,1,curvature_probe,2.7384153977076338,0.0,-10.027541692448807,2.7384153977076338
0.156,0.09008888888888889,0.6379811804035932,0.16347157793254832,0.6425503611574654,0.0,0.7108615567439097,0.7455952823653045,0.156,0.5534637583452209,0.0,0.0,0.0,0.0,0.055231920214384264,0.0,0.0,0.5534637583452209,0.006000000000000005,0.0033207825500713283,0.0033207825500713283,0.04521064751417548,0.05886301826029309,0.05091956596911167,0.5607692304002532,2.435068548016041,1,curvature_probe,2.7105803257382917,0.0,-10.108284249953414,2.7105803257382917
0.162,0.09480000000000001,0.6432285873273258,0.16888880905527384,0.6551565209717429,0.0,0.7405347593582887,0.7626518729740694,0.162,0.5680747024552851,0.0,0.0,0.0,0.0,0.05588403511631439,0.0,0.0,0.5680747024552851,0.006000000000000005,0.003408448214731714,0.003408448214731714,0.04861909572890719,0.0622714664750248,0.05358990230208675,0.5751970617251141,2.374064859234373,1,curvature_probe,2.684196425858133,0.0,-10.167281463603558,2.684196425858133
0.168,0.09968888888888891,0.6469870424525503,0.17422097024411148,0.6672700791839032,0.0,0.7705407011289365,0.7786670122191589,0.168,0.5823194209949432,0.0,0.0,0.0,0.0,0.05628667685032471,0.0,0.0,0.5823194209949432,0.006000000000000005,0.003493916525969662,0.003493916525969662,0.052113012254876856,0.06576538300099447,0.05630597859674184,0.5892580087110657,2.3128426070645816,1,curvature_probe,2.6592845980651347,0.0,-10.203708694963495,2.6592845980651347
0.17400000000000002,0.10475555555555557,0.6492462441150156,0.1794629743915169,0.6789008234648906,0.0,0.8008793820558529,0.7936217272132244,0.17400000000000002,0.5961965964271885,0.0,0.0,0.0,0.0,0.02821229486678813,0.0,0.0,0.5961965964271885,0.006000000000000005,0.003577179578563134,0.003577179578563134,0.05569019183343999,0.06934256257955759,0.05906521514442725,0.6029511730098891,1.7039784067938015,1,curvature_probe,2.63587436772967,0.0,-7.66380306318581,2.63587436772967
0.18,0.11,0.65,0.18461,0.690058826185095,0.0,0.8315508021390374,0.8075000000000001,0.18,0.6097057495925907,0.0,0.0,0.0,0.0,0.0,0.0,0.0,0.6097057495925907,0.005999999999999978,0.0036582344975555304,0.0036582344975555304,0.05934842633099552,0.07300079707711313,0.06186508226873994,0.6097057495925914,1.1257627637837189,1,curvature_probe,2.62465240956584,13509.153165402244,-5.111420372818884,13511.77781781181
